{
  "accuracy": 0.6044859292281972,
  "macro_f1": 0.4965568551841572,
  "weighted_f1": 0.5911769478870947,
  "per_class": {
    "0": {
      "precision": 0.5095744680851064,
      "recall": 0.5,
      "f1-score": 0.5047418335089568,
      "support": 958.0
    },
    "1": {
      "precision": 0.0,
      "recall": 0.0,
      "f1-score": 0.0,
      "support": 111.0
    },
    "2": {
      "precision": 0.4419475655430712,
      "recall": 0.23046875,
      "f1-score": 0.3029525032092426,
      "support": 1024.0
    },
    "3": {
      "precision": 0.8175895765472313,
      "recall": 0.8489289740698985,
      "f1-score": 0.8329646017699115,
      "support": 1774.0
    },
    "4": {
      "precision": 0.43389633080955153,
      "recall": 0.5974338412189254,
      "f1-score": 0.5026990553306343,
      "support": 1247.0
    },
    "5": {
      "precision": 0.7191392978482446,
      "recall": 0.7641395908543923,
      "f1-score": 0.7409568261376897,
      "support": 831.0
    },
    "6": {
      "precision": 0.5847860538827259,
      "recall": 0.5985401459854015,
      "f1-score": 0.5915831663326653,
      "support": 1233.0
    },
    "accuracy": 0.6044859292281972,
    "macro avg": {
      "precision": 0.50099047038799,
      "recall": 0.5056444717326596,
      "f1-score": 0.4965568551841572,
      "support": 7178.0
    },
    "weighted avg": {
      "precision": 0.5922046867937069,
      "recall": 0.6044859292281972,
      "f1-score": 0.5911769478870947,
      "support": 7178.0
    }
  },
  "confusion_matrix": [
    [
      479,
      0,
      72,
      58,
      211,
      29,
      109
    ],
    [
      75,
      0,
      10,
      4,
      16,
      1,
      5
    ],
    [
      153,
      0,
      236,
      50,
      325,
      150,
      110
    ],
    [
      35,
      0,
      16,
      1506,
      98,
      38,
      81
    ],
    [
      124,
      0,
      89,
      79,
      745,
      17,
      193
    ],
    [
      22,
      0,
      77,
      53,
      18,
      635,
      26
    ],
    [
      52,
      0,
      34,
      92,
      304,
      13,
      738
    ]
  ],
  "split": "test",
  "num_samples": 7178,
  "model_name": "se_cnn",
  "checkpoint": "outputs/checkpoints/best_se_cnn.pt",
  "image_size": 48,
  "imagenet_norm": false
}