{
  "accuracy": 0.7128919860627178,
  "macro_f1": 0.6972188037151795,
  "weighted_f1": 0.7135096951996538,
  "per_class": {
    "0": {
      "precision": 0.656641604010025,
      "recall": 0.6683673469387755,
      "f1-score": 0.6624525916561315,
      "support": 392.0
    },
    "1": {
      "precision": 0.875,
      "recall": 0.5833333333333334,
      "f1-score": 0.7,
      "support": 48.0
    },
    "2": {
      "precision": 0.585635359116022,
      "recall": 0.5623342175066313,
      "f1-score": 0.5737483085250338,
      "support": 377.0
    },
    "3": {
      "precision": 0.8924302788844621,
      "recall": 0.8877146631439894,
      "f1-score": 0.8900662251655629,
      "support": 757.0
    },
    "4": {
      "precision": 0.5822050290135397,
      "recall": 0.5984095427435387,
      "f1-score": 0.5901960784313726,
      "support": 503.0
    },
    "5": {
      "precision": 0.8251748251748252,
      "recall": 0.7788778877887789,
      "f1-score": 0.801358234295416,
      "support": 303.0
    },
    "6": {
      "precision": 0.6429942418426103,
      "recall": 0.6836734693877551,
      "f1-score": 0.6627101879327398,
      "support": 490.0
    },
    "accuracy": 0.7128919860627178,
    "macro avg": {
      "precision": 0.722868762577355,
      "recall": 0.6803872086918289,
      "f1-score": 0.6972188037151795,
      "support": 2870.0
    },
    "weighted avg": {
      "precision": 0.7155756238323587,
      "recall": 0.7128919860627178,
      "f1-score": 0.7135096951996538,
      "support": 2870.0
    }
  },
  "confusion_matrix": [
    [
      262,
      4,
      37,
      20,
      40,
      5,
      24
    ],
    [
      8,
      28,
      5,
      1,
      5,
      1,
      0
    ],
    [
      26,
      0,
      212,
      6,
      70,
      23,
      40
    ],
    [
      8,
      0,
      9,
      672,
      14,
      12,
      42
    ],
    [
      59,
      0,
      53,
      13,
      301,
      7,
      70
    ],
    [
      9,
      0,
      26,
      12,
      10,
      236,
      10
    ],
    [
      27,
      0,
      20,
      29,
      77,
      2,
      335
    ]
  ],
  "split": "val",
  "num_samples": 2870,
  "model_name": "efficientnet_b2",
  "checkpoint": "outputs/checkpoints/best_efficientnet_b2.pt",
  "image_size": 224,
  "imagenet_norm": true
}