{
  "accuracy": 0.7080139372822299,
  "macro_f1": 0.6830635796175049,
  "weighted_f1": 0.7055904044763002,
  "per_class": {
    "0": {
      "precision": 0.6458333333333334,
      "recall": 0.6326530612244898,
      "f1-score": 0.6391752577319587,
      "support": 392.0
    },
    "1": {
      "precision": 0.8387096774193549,
      "recall": 0.5416666666666666,
      "f1-score": 0.6582278481012658,
      "support": 48.0
    },
    "2": {
      "precision": 0.5727554179566563,
      "recall": 0.4907161803713528,
      "f1-score": 0.5285714285714286,
      "support": 377.0
    },
    "3": {
      "precision": 0.8605830164765526,
      "recall": 0.8969616908850726,
      "f1-score": 0.8783958602846055,
      "support": 757.0
    },
    "4": {
      "precision": 0.6129666011787819,
      "recall": 0.6202783300198808,
      "f1-score": 0.616600790513834,
      "support": 503.0
    },
    "5": {
      "precision": 0.7946127946127947,
      "recall": 0.7788778877887789,
      "f1-score": 0.7866666666666666,
      "support": 303.0
    },
    "6": {
      "precision": 0.6443202979515829,
      "recall": 0.7061224489795919,
      "f1-score": 0.6738072054527751,
      "support": 490.0
    },
    "accuracy": 0.7080139372822299,
    "macro avg": {
      "precision": 0.7099687341327224,
      "recall": 0.6667537522765477,
      "f1-score": 0.6830635796175049,
      "support": 2870.0
    },
    "weighted avg": {
      "precision": 0.7057915297498554,
      "recall": 0.7080139372822299,
      "f1-score": 0.7055904044763002,
      "support": 2870.0
    }
  },
  "confusion_matrix": [
    [
      248,
      4,
      41,
      22,
      44,
      8,
      25
    ],
    [
      9,
      26,
      3,
      2,
      4,
      0,
      4
    ],
    [
      38,
      0,
      185,
      11,
      68,
      33,
      42
    ],
    [
      14,
      0,
      6,
      679,
      14,
      9,
      35
    ],
    [
      40,
      1,
      51,
      18,
      312,
      6,
      75
    ],
    [
      10,
      0,
      25,
      18,
      4,
      236,
      10
    ],
    [
      25,
      0,
      12,
      39,
      63,
      5,
      346
    ]
  ],
  "split": "val",
  "num_samples": 2870,
  "model_name": "resnet18",
  "checkpoint": "outputs/checkpoints/best_resnet18.pt",
  "image_size": 224,
  "imagenet_norm": true
}