{
  "accuracy": 0.616376306620209,
  "macro_f1": 0.5102908419629413,
  "weighted_f1": 0.6089717384167289,
  "per_class": {
    "0": {
      "precision": 0.513126491646778,
      "recall": 0.548469387755102,
      "f1-score": 0.530209617755857,
      "support": 392.0
    },
    "1": {
      "precision": 0.0,
      "recall": 0.0,
      "f1-score": 0.0,
      "support": 48.0
    },
    "2": {
      "precision": 0.4468864468864469,
      "recall": 0.32360742705570295,
      "f1-score": 0.37538461538461537,
      "support": 377.0
    },
    "3": {
      "precision": 0.8379814077025233,
      "recall": 0.8335535006605019,
      "f1-score": 0.8357615894039735,
      "support": 757.0
    },
    "4": {
      "precision": 0.4634146341463415,
      "recall": 0.5666003976143141,
      "f1-score": 0.5098389982110912,
      "support": 503.0
    },
    "5": {
      "precision": 0.7116564417177914,
      "recall": 0.7656765676567657,
      "f1-score": 0.7376788553259142,
      "support": 303.0
    },
    "6": {
      "precision": 0.5867768595041323,
      "recall": 0.5795918367346938,
      "f1-score": 0.5831622176591376,
      "support": 490.0
    },
    "accuracy": 0.616376306620209,
    "macro avg": {
      "precision": 0.5085488973720019,
      "recall": 0.5167855882110115,
      "f1-score": 0.5102908419629413,
      "support": 2870.0
    },
    "weighted avg": {
      "precision": 0.6063497647406492,
      "recall": 0.616376306620209,
      "f1-score": 0.6089717384167289,
      "support": 2870.0
    }
  },
  "confusion_matrix": [
    [
      215,
      0,
      36,
      29,
      62,
      12,
      38
    ],
    [
      31,
      0,
      7,
      0,
      6,
      1,
      3
    ],
    [
      49,
      0,
      122,
      17,
      106,
      55,
      28
    ],
    [
      20,
      0,
      9,
      631,
      39,
      17,
      41
    ],
    [
      57,
      0,
      48,
      23,
      285,
      5,
      85
    ],
    [
      10,
      0,
      32,
      15,
      9,
      232,
      5
    ],
    [
      37,
      0,
      19,
      38,
      108,
      4,
      284
    ]
  ],
  "split": "val",
  "num_samples": 2870,
  "model_name": "baseline_cnn",
  "checkpoint": "outputs/checkpoints/best_baseline_cnn.pt",
  "image_size": 48,
  "imagenet_norm": false
}