{
  "accuracy": 0.6107550849818891,
  "macro_f1": 0.5080870637057869,
  "weighted_f1": 0.6030897298683412,
  "per_class": {
    "0": {
      "precision": 0.5074906367041199,
      "recall": 0.5657620041753654,
      "f1-score": 0.5350444225074038,
      "support": 958.0
    },
    "1": {
      "precision": 0.0,
      "recall": 0.0,
      "f1-score": 0.0,
      "support": 111.0
    },
    "2": {
      "precision": 0.42595204513399154,
      "recall": 0.294921875,
      "f1-score": 0.3485285631852279,
      "support": 1024.0
    },
    "3": {
      "precision": 0.8388009049773756,
      "recall": 0.8359639233370914,
      "f1-score": 0.8373800112930547,
      "support": 1774.0
    },
    "4": {
      "precision": 0.4529262086513995,
      "recall": 0.5709703287890938,
      "f1-score": 0.5051436679673643,
      "support": 1247.0
    },
    "5": {
      "precision": 0.7266355140186916,
      "recall": 0.7484957882069796,
      "f1-score": 0.7374036751630113,
      "support": 831.0
    },
    "6": {
      "precision": 0.6,
      "recall": 0.5863746958637469,
      "f1-score": 0.5931091058244463,
      "support": 1233.0
    },
    "accuracy": 0.6107550849818891,
    "macro avg": {
      "precision": 0.5074007584979398,
      "recall": 0.5146412307674681,
      "f1-score": 0.5080870637057869,
      "support": 7178.0
    },
    "weighted avg": {
      "precision": 0.6016741186886941,
      "recall": 0.6107550849818891,
      "f1-score": 0.6030897298683412,
      "support": 7178.0
    }
  },
  "confusion_matrix": [
    [
      542,
      0,
      81,
      47,
      175,
      26,
      87
    ],
    [
      78,
      0,
      10,
      2,
      15,
      1,
      5
    ],
    [
      157,
      0,
      302,
      43,
      299,
      136,
      87
    ],
    [
      47,
      0,
      43,
      1483,
      76,
      39,
      86
    ],
    [
      146,
      0,
      113,
      69,
      712,
      16,
      191
    ],
    [
      23,
      0,
      100,
      41,
      19,
      622,
      26
    ],
    [
      75,
      0,
      60,
      83,
      276,
      16,
      723
    ]
  ],
  "split": "test",
  "num_samples": 7178,
  "model_name": "baseline_cnn",
  "checkpoint": "outputs/checkpoints/best_baseline_cnn.pt",
  "image_size": 48,
  "imagenet_norm": false
}