{
  "accuracy": 0.703399275564224,
  "macro_f1": 0.6946835556804862,
  "weighted_f1": 0.7028303262094691,
  "per_class": {
    "0": {
      "precision": 0.6363636363636364,
      "recall": 0.6210855949895616,
      "f1-score": 0.6286318013734813,
      "support": 958.0
    },
    "1": {
      "precision": 0.8043478260869565,
      "recall": 0.6666666666666666,
      "f1-score": 0.729064039408867,
      "support": 111.0
    },
    "2": {
      "precision": 0.6017897091722595,
      "recall": 0.525390625,
      "f1-score": 0.5610010427528676,
      "support": 1024.0
    },
    "3": {
      "precision": 0.8870151770657673,
      "recall": 0.8895152198421646,
      "f1-score": 0.8882634393470307,
      "support": 1774.0
    },
    "4": {
      "precision": 0.5628834355828221,
      "recall": 0.5886126704089816,
      "f1-score": 0.5754606036848294,
      "support": 1247.0
    },
    "5": {
      "precision": 0.8243080625752106,
      "recall": 0.8243080625752106,
      "f1-score": 0.8243080625752106,
      "support": 831.0
    },
    "6": {
      "precision": 0.6291883842144452,
      "recall": 0.6853203568532036,
      "f1-score": 0.656055900621118,
      "support": 1233.0
    },
    "accuracy": 0.703399275564224,
    "macro avg": {
      "precision": 0.7065566044372996,
      "recall": 0.6858427423336841,
      "f1-score": 0.6946835556804862,
      "support": 7178.0
    },
    "weighted avg": {
      "precision": 0.7037366230910101,
      "recall": 0.703399275564224,
      "f1-score": 0.7028303262094691,
      "support": 7178.0
    }
  },
  "confusion_matrix": [
    [
      595,
      10,
      87,
      29,
      138,
      21,
      78
    ],
    [
      21,
      74,
      3,
      4,
      5,
      3,
      1
    ],
    [
      105,
      1,
      538,
      24,
      183,
      64,
      109
    ],
    [
      29,
      1,
      20,
      1578,
      33,
      30,
      83
    ],
    [
      120,
      5,
      129,
      41,
      734,
      17,
      201
    ],
    [
      12,
      0,
      59,
      26,
      23,
      685,
      26
    ],
    [
      53,
      1,
      58,
      77,
      188,
      11,
      845
    ]
  ],
  "split": "test",
  "num_samples": 7178,
  "model_name": "resnet18",
  "checkpoint": "outputs/checkpoints/best_resnet18.pt",
  "image_size": 224,
  "imagenet_norm": true
}