{
  "accuracy": 0.7195597659515185,
  "macro_f1": 0.7147034821833849,
  "weighted_f1": 0.7192419075149297,
  "per_class": {
    "0": {
      "precision": 0.6368260427263479,
      "recall": 0.6534446764091858,
      "f1-score": 0.6450283359093251,
      "support": 958.0
    },
    "1": {
      "precision": 0.8404255319148937,
      "recall": 0.7117117117117117,
      "f1-score": 0.7707317073170732,
      "support": 111.0
    },
    "2": {
      "precision": 0.6230936819172114,
      "recall": 0.55859375,
      "f1-score": 0.5890834191555098,
      "support": 1024.0
    },
    "3": {
      "precision": 0.8998855835240275,
      "recall": 0.8866967305524239,
      "f1-score": 0.8932424758659853,
      "support": 1774.0
    },
    "4": {
      "precision": 0.6030230708035004,
      "recall": 0.6078588612670409,
      "f1-score": 0.6054313099041534,
      "support": 1247.0
    },
    "5": {
      "precision": 0.8127906976744186,
      "recall": 0.8411552346570397,
      "f1-score": 0.826729745712596,
      "support": 831.0
    },
    "6": {
      "precision": 0.6509863429438544,
      "recall": 0.6958637469586375,
      "f1-score": 0.6726773814190513,
      "support": 1233.0
    },
    "accuracy": 0.7195597659515185,
    "macro avg": {
      "precision": 0.7238615645006077,
      "recall": 0.7079035302222912,
      "f1-score": 0.7147034821833849,
      "support": 7178.0
    },
    "weighted avg": {
      "precision": 0.7199605096598528,
      "recall": 0.7195597659515185,
      "f1-score": 0.7192419075149297,
      "support": 7178.0
    }
  },
  "confusion_matrix": [
    [
      626,
      10,
      80,
      25,
      112,
      20,
      85
    ],
    [
      17,
      79,
      5,
      2,
      7,
      1,
      0
    ],
    [
      100,
      3,
      572,
      17,
      173,
      67,
      92
    ],
    [
      26,
      1,
      18,
      1573,
      28,
      41,
      87
    ],
    [
      126,
      0,
      123,
      48,
      758,
      17,
      175
    ],
    [
      16,
      0,
      61,
      28,
      6,
      699,
      21
    ],
    [
      72,
      1,
      59,
      55,
      173,
      15,
      858
    ]
  ],
  "split": "test",
  "num_samples": 7178,
  "model_name": "efficientnet_b2",
  "checkpoint": "outputs/checkpoints/best_efficientnet_b2.pt",
  "image_size": 224,
  "imagenet_norm": true
}