{
  "accuracy": 0.6111498257839721,
  "macro_f1": 0.502249064122256,
  "weighted_f1": 0.6008290314953288,
  "per_class": {
    "0": {
      "precision": 0.5216216216216216,
      "recall": 0.4923469387755102,
      "f1-score": 0.5065616797900262,
      "support": 392.0
    },
    "1": {
      "precision": 0.0,
      "recall": 0.0,
      "f1-score": 0.0,
      "support": 48.0
    },
    "2": {
      "precision": 0.46218487394957986,
      "recall": 0.2917771883289125,
      "f1-score": 0.35772357723577236,
      "support": 377.0
    },
    "3": {
      "precision": 0.8165605095541402,
      "recall": 0.8467635402906208,
      "f1-score": 0.8313878080415046,
      "support": 757.0
    },
    "4": {
      "precision": 0.45038167938931295,
      "recall": 0.5864811133200796,
      "f1-score": 0.5094991364421416,
      "support": 503.0
    },
    "5": {
      "precision": 0.7125,
      "recall": 0.7524752475247525,
      "f1-score": 0.7319422150882825,
      "support": 303.0
    },
    "6": {
      "precision": 0.5717131474103586,
      "recall": 0.5857142857142857,
      "f1-score": 0.5786290322580645,
      "support": 490.0
    },
    "accuracy": 0.6111498257839721,
    "macro avg": {
      "precision": 0.504994547417859,
      "recall": 0.5079369019934517,
      "f1-score": 0.502249064122256,
      "support": 2870.0
    },
    "weighted avg": {
      "precision": 0.5991026501223177,
      "recall": 0.6111498257839721,
      "f1-score": 0.6008290314953288,
      "support": 2870.0
    }
  },
  "confusion_matrix": [
    [
      193,
      0,
      32,
      36,
      71,
      13,
      47
    ],
    [
      24,
      0,
      4,
      0,
      17,
      0,
      3
    ],
    [
      48,
      0,
      110,
      15,
      111,
      52,
      41
    ],
    [
      23,
      0,
      8,
      641,
      41,
      15,
      29
    ],
    [
      50,
      0,
      35,
      32,
      295,
      6,
      85
    ],
    [
      7,
      0,
      33,
      17,
      8,
      228,
      10
    ],
    [
      25,
      0,
      16,
      44,
      112,
      6,
      287
    ]
  ],
  "split": "val",
  "num_samples": 2870,
  "model_name": "se_cnn",
  "checkpoint": "outputs/checkpoints/best_se_cnn.pt",
  "image_size": 48,
  "imagenet_norm": false
}